Address,Type,Sorce,届出番号など,住宅宿泊施設名,Address Data
大田区大森東三丁目８番３号,住宅宿泊,1 第M130016491号大森東三丁目８番３号,M130016491,Big Forest East House,大田区大森東三丁目８番３号
大田区大森南一丁目１番３号,住宅宿泊,2 第M130021798号大森南一丁目１番３号,M130021798,,大田区大森南一丁目１番３号
大田区大森西一丁目９番14号,住宅宿泊,3 第M130002064号大森西一丁目９番14号,M130002064,,大田区大森西一丁目９番14号
大田区大森西一丁目17番29－401号,住宅宿泊,4 第M130001354号大森西一丁目17番29－401号,M130001354,,大田区大森西一丁目17番29－401号
大田区大森西二丁目29番14号,住宅宿泊,5 第M130022934号大森西二丁目29番14号,M130022934,,大田区大森西二丁目29番14号
大田区大森北四丁目３番５号,住宅宿泊,6 第M130000260号大森北四丁目３番５号,M130000260,ＫＵＮＩＮＡＫＡ,大田区大森北四丁目３番５号
大田区大森北四丁目７番９号,住宅宿泊,7 第M130022012号大森北四丁目７番９号,M130022012,,大田区大森北四丁目７番９号
大田区大森北四丁目18番12－１A号,住宅宿泊,8 第M130019288号大森北四丁目18番12－１A号,M130019288,,大田区大森北四丁目18番12－１A号
大田区大森北四丁目18番12－１B号,住宅宿泊,9 第M130019289号大森北四丁目18番12－１B号,M130019289,,大田区大森北四丁目18番12－１B号
大田区大森北四丁目18番12－１C号,住宅宿泊,10 第M130019291号大森北四丁目18番12－１C号,M130019291,,大田区大森北四丁目18番12－１C号
大田区大森北四丁目18番12－２A号,住宅宿泊,11 第M130019292号大森北四丁目18番12－２A号,M130019292,,大田区大森北四丁目18番12－２A号
大田区大森北四丁目18番12－２B号,住宅宿泊,12 第M130019293号大森北四丁目18番12－２B号,M130019293,,大田区大森北四丁目18番12－２B号
大田区大森北四丁目18番12－２C号,住宅宿泊,13 第M130019294号大森北四丁目18番12－２C号,M130019294,,大田区大森北四丁目18番12－２C号
大田区大森北四丁目18番12－３A号,住宅宿泊,14 第M130019295号大森北四丁目18番12－３A号,M130019295,,大田区大森北四丁目18番12－３A号
大田区大森北四丁目18番12－３B号,住宅宿泊,15 第M130019296号大森北四丁目18番12－３B号,M130019296,,大田区大森北四丁目18番12－３B号
大田区大森北四丁目18番12－３C号,住宅宿泊,16 第M130019297号大森北四丁目18番12－３C号,M130019297,,大田区大森北四丁目18番12－３C号
大田区大森北四丁目24番２号,住宅宿泊,17 第M130008630号大森北四丁目24番２号,M130008630,,大田区大森北四丁目24番２号
大田区大森北六丁目30番16番,住宅宿泊,18 第M130023277号大森北六丁目30番16番,M130023277,,大田区大森北六丁目30番16番
大田区山王一丁目44番12号,住宅宿泊,19 第M130017950号山王一丁目44番12号,M130017950,,大田区山王一丁目44番12号
大田区東馬込一丁目13番４－101号,住宅宿泊,20 第M130025032号東馬込一丁目13番４－101号,M130025032,,大田区東馬込一丁目13番４－101号
大田区東馬込一丁目13番４－102号,住宅宿泊,21 第M130025033号東馬込一丁目13番４－102号,M130025033,,大田区東馬込一丁目13番４－102号
大田区東馬込一丁目13番４－103号,住宅宿泊,22 第M130025034号東馬込一丁目13番４－103号,M130025034,,大田区東馬込一丁目13番４－103号
大田区東馬込一丁目13番４－201号,住宅宿泊,23 第M130025035号東馬込一丁目13番４－201号,M130025035,,大田区東馬込一丁目13番４－201号
大田区東馬込一丁目13番４－202号,住宅宿泊,24 第M130025036号東馬込一丁目13番４－202号,M130025036,,大田区東馬込一丁目13番４－202号
大田区東馬込一丁目13番４－203号,住宅宿泊,25 第M130025037号東馬込一丁目13番４－203号,M130025037,,大田区東馬込一丁目13番４－203号
大田区東馬込二丁目７番18－101号,住宅宿泊,26 第M130022161号東馬込二丁目７番18－101号,M130022161,,大田区東馬込二丁目７番18－101号
大田区東馬込二丁目７番18－103号,住宅宿泊,27 第M130022162号東馬込二丁目７番18－103号,M130022162,,大田区東馬込二丁目７番18－103号
大田区東馬込二丁目７番18－201号,住宅宿泊,28 第M130022163号東馬込二丁目７番18－201号,M130022163,,大田区東馬込二丁目７番18－201号
大田区北嶺町32番17-101号,住宅宿泊,29 第M130017345号北嶺町32番17-101号,M130017345,,大田区北嶺町32番17-101号
大田区北嶺町32番17-103号,住宅宿泊,30 第M130017346号北嶺町32番17-103号,M130017346,,大田区北嶺町32番17-103号
大田区北嶺町32番17-202号,住宅宿泊,31 第M130017347号北嶺町32番17-202号,M130017347,,大田区北嶺町32番17-202号
大田区田園調布南11番８号,住宅宿泊,32 第M130006176号田園調布南11番８号,M130006176,,大田区田園調布南11番８号
大田区千鳥二丁目25番７号,住宅宿泊,33 第M130001086号千鳥二丁目25番７号,M130001086,,大田区千鳥二丁目25番７号
大田区南雪谷二丁目15番18号,住宅宿泊,34 第M130000045号南雪谷二丁目15番18号,M130000045,南雪谷オアシス,大田区南雪谷二丁目15番18号
大田区西糀谷一丁目３番19号,住宅宿泊,35 第M130013835号西糀谷一丁目３番19号,M130013835,KAERU-TOKYO,大田区西糀谷一丁目３番19号
大田区西糀谷三丁目４番５－302号,住宅宿泊,36 第M130021573号西糀谷三丁目４番５－302号,M130021573,,大田区西糀谷三丁目４番５－302号
大田区西糀谷三丁目24番８号,住宅宿泊,37 第M130016355号西糀谷三丁目24番８号,M130016355,Nishikoujiya Stay,大田区西糀谷三丁目24番８号
大田区西糀谷四丁目２番12－101号,住宅宿泊,38 第M130005897号西糀谷四丁目２番12－101号,M130005897,,大田区西糀谷四丁目２番12－101号
大田区西糀谷四丁目19番２－101号,住宅宿泊,39 第M130021518号西糀谷四丁目19番２－101号,M130021518,,大田区西糀谷四丁目19番２－101号
大田区西糀谷四丁目19番２－102号,住宅宿泊,40 第M130021519号西糀谷四丁目19番２－102号,M130021519,,大田区西糀谷四丁目19番２－102号
大田区西糀谷四丁目19番２－103号,住宅宿泊,41 第M130021521号西糀谷四丁目19番２－103号,M130021521,,大田区西糀谷四丁目19番２－103号
大田区西糀谷四丁目19番２－104号,住宅宿泊,42 第M130021522号西糀谷四丁目19番２－104号,M130021522,,大田区西糀谷四丁目19番２－104号
大田区北糀谷二丁目11番８－203号,住宅宿泊,43 第M130009359号北糀谷二丁目11番８－203号,M130009359,,大田区北糀谷二丁目11番８－203号
大田区北糀谷二丁目11番８－301号,住宅宿泊,44 第M130009360号北糀谷二丁目11番８－301号,M130009360,,大田区北糀谷二丁目11番８－301号
大田区羽田三丁目３番15－401号,住宅宿泊,45 第M130020135号羽田三丁目３番15－401号,M130020135,,大田区羽田三丁目３番15－401号
大田区羽田六丁目22番３－202号,住宅宿泊,46 第M130015131号羽田六丁目22番３－202号,M130015131,,大田区羽田六丁目22番３－202号
大田区本羽田二丁目１番27号,住宅宿泊,47 第M130003513号本羽田二丁目１番27号,M130003513,,大田区本羽田二丁目１番27号
大田区萩中三丁目９番２－104号,住宅宿泊,48 第M130020684号萩中三丁目９番２－104号,M130020684,ヴァンベール晃永２,大田区萩中三丁目９番２－104号
大田区萩中三丁目15番５号,住宅宿泊,49 第M130006683号萩中三丁目15番５号,M130006683,,大田区萩中三丁目15番５号
大田区東六郷一丁目５番11号,住宅宿泊,50 第M130011799号東六郷一丁目５番11号,M130011799,,大田区東六郷一丁目５番11号
大田区西六郷三丁目９番８号１階,住宅宿泊,51 第M130009459号西六郷三丁目９番８号１階,M130009459,,大田区西六郷三丁目９番８号１階
大田区西六郷三丁目９番８号２階,住宅宿泊,52 第M130009460号西六郷三丁目９番８号２階,M130009460,,大田区西六郷三丁目９番８号２階
大田区仲六郷四丁目31番16－201号,住宅宿泊,53 第M130006600号仲六郷四丁目31番16－201号,M130006600,Haneda Lex Residence,大田区仲六郷四丁目31番16－201号
大田区仲六郷四丁目31番16－301号,住宅宿泊,54 第M130006602号仲六郷四丁目31番16－301号,M130006602,Haneda Lex House,大田区仲六郷四丁目31番16－301号
大田区下丸子二丁目14番19号,住宅宿泊,55 第M130006099号下丸子二丁目14番19号,M130006099,Tokyo e Link,大田区下丸子二丁目14番19号
大田区東矢口一丁目15番17号,住宅宿泊,56 第M130023428号東矢口一丁目15番17号,M130023428,,大田区東矢口一丁目15番17号
大田区多摩川一丁目２番23号,住宅宿泊,57 第M130023779号多摩川一丁目２番23号,M130023779,,大田区多摩川一丁目２番23号
大田区多摩川一丁目２番25号,住宅宿泊,58 第M130022879号多摩川一丁目２番25号,M130022879,,大田区多摩川一丁目２番25号
大田区多摩川一丁目26番25-202号,住宅宿泊,59 第M130017075号多摩川一丁目26番25-202号,M130017075,,大田区多摩川一丁目26番25-202号
大田区多摩川二丁目10番８号,住宅宿泊,60 第M130011800号多摩川二丁目10番８号,M130011800,,大田区多摩川二丁目10番８号
大田区東蒲田一丁目21番15－202号,住宅宿泊,61 第M130008815号東蒲田一丁目21番15－202号,M130008815,,大田区東蒲田一丁目21番15－202号
大田区東蒲田一丁目21番15－203号,住宅宿泊,62 第M130023954号東蒲田一丁目21番15－203号,M130023954,,大田区東蒲田一丁目21番15－203号
大田区東蒲田一丁目21番15－204号,住宅宿泊,63 第M130023955号東蒲田一丁目21番15－204号,M130023955,,大田区東蒲田一丁目21番15－204号
大田区東蒲田一丁目21番15－205号,住宅宿泊,64 第M130023956号東蒲田一丁目21番15－205号,M130023956,,大田区東蒲田一丁目21番15－205号
大田区東蒲田一丁目21番15－206号,住宅宿泊,65 第M130023957号東蒲田一丁目21番15－206号,M130023957,,大田区東蒲田一丁目21番15－206号
大田区東蒲田一丁目21番15－305号,住宅宿泊,66 第M130006492号東蒲田一丁目21番15－305号,M130006492,東蒲田ColorBee Hostel,大田区東蒲田一丁目21番15－305号
大田区東蒲田一丁目21番15－806号,住宅宿泊,67 第M130008180号東蒲田一丁目21番15－806号,M130008180,,大田区東蒲田一丁目21番15－806号
大田区東蒲田一丁目21番15－902号,住宅宿泊,68 第M130008182号東蒲田一丁目21番15－902号,M130008182,,大田区東蒲田一丁目21番15－902号
大田区南蒲田一丁目７番30号,住宅宿泊,69 第M130000489号南蒲田一丁目７番30号,M130000489,Tokyo Trip Stay,大田区南蒲田一丁目７番30号
大田区南蒲田二丁目13番１号,住宅宿泊,70 第M130013805号南蒲田二丁目13番１号,M130013805,,大田区南蒲田二丁目13番１号
大田区西蒲田三丁目３番４－101号,住宅宿泊,71 第M130009758号西蒲田三丁目３番４－101号,M130009758,CABIN SEIKO,大田区西蒲田三丁目３番４－101号
大田区西蒲田三丁目３番４－201号,住宅宿泊,72 第M130009931号西蒲田三丁目３番４－201号,M130009931,CABIN SEIKO,大田区西蒲田三丁目３番４－201号
大田区西蒲田五丁目２番８号,住宅宿泊,73 第M130019553号西蒲田五丁目２番８号,M130019553,,大田区西蒲田五丁目２番８号
大田区西蒲田五丁目12番８－201号,住宅宿泊,74 第M130016480号西蒲田五丁目12番８－201号,M130016480,,大田区西蒲田五丁目12番８－201号
大田区西蒲田七丁目８番９号２階,住宅宿泊,75 第M130004822号西蒲田七丁目８番９号２階,M130004822,,大田区西蒲田七丁目８番９号２階
大田区西蒲田七丁目８番９号３階,住宅宿泊,76 第M130004824号西蒲田七丁目８番９号３階,M130004824,,大田区西蒲田七丁目８番９号３階
大田区西蒲田七丁目36番７－401号,住宅宿泊,77 第M130024773号西蒲田七丁目36番７－401号,M130024773,,大田区西蒲田七丁目36番７－401号
大田区西蒲田七丁目36番７－403号,住宅宿泊,78 第M130024774号西蒲田七丁目36番７－403号,M130024774,,大田区西蒲田七丁目36番７－403号
大田区西蒲田七丁目36番７－502号,住宅宿泊,79 第M130024775号西蒲田七丁目36番７－502号,M130024775,,大田区西蒲田七丁目36番７－502号
大田区蒲田本町二丁目７番15－101号,住宅宿泊,80 第M130009486号蒲田本町二丁目７番15－101号,M130009486,,大田区蒲田本町二丁目７番15－101号
大田区大森東一丁目１番13－101・102・201～203・301～303・401～403号,特区民泊,大森東一丁目１番13－101・102・201～203・301～303・401～403号,1 M-1 Tokyo 大森東,,大田区大森東一丁目１番13－101・102・201～203・301～303・401～403号
大田区大森東一丁目９番11－105号,特区民泊,大森東一丁目９番11－105号,2 VACATION INN 平和島Ⅰ ,,大田区大森東一丁目９番11－105号
大田区大森東二丁目１番８－102・201・202・206・301・305・306・401・406号,特区民泊,大森東二丁目１番８－102・201・202・206・301・305・306・401・406号,3 ID STAY 大森,,大田区大森東二丁目１番８－102・201・202・206・301・305・306・401・406号
大田区大森中一丁目３番３－201～203・301～303・401～403・501～503・601～603・701～703・801～803・901～903号,特区民泊,大森中一丁目３番３－201～203・301～303・401～403・501～503・601～603・701～703・801～803・901～903号,4 Maison PHILIPPE,,大田区大森中一丁目３番３－201～203・301～303・401～403・501～503・601～603・701～703・801～803・901～903号
大田区大森中一丁目７番17－903号,特区民泊,大森中一丁目７番17－903号,5 リヴシティ大森町903 ,,大田区大森中一丁目７番17－903号
大田区大森中一丁目７番17－503号,特区民泊,大森中一丁目７番17－503号,6 リヴシティ大森町 503号室,,大田区大森中一丁目７番17－503号
大田区大森西二丁目２番20号,特区民泊,大森西二丁目２番20号,7 TOKYO　HOUSE ,,大田区大森西二丁目２番20号
大田区大森中二丁目５番５号,特区民泊,大森中二丁目５番５号,8 AIG梅屋敷,,大田区大森中二丁目５番５号
大田区大森西二丁目12番19－101～103・105・106・201～203・205・206・301～303・305・306号,特区民泊,大森西二丁目12番19－101～103・105・106・201～203・205・206・301～303・305・306号,9 M-1 Tokyo 大森西２,,大田区大森西二丁目12番19－101～103・105・106・201～203・205・206・301～303・305・306号
大田区大森西二丁目25番13号,特区民泊,大森西二丁目25番13号,10 ＯＭＭ　ＳＴＡＹ ,,大田区大森西二丁目25番13号
大田区大森西三丁目４番16号,特区民泊,大森西三丁目４番16号,11 エスポワール大森町,,大田区大森西三丁目４番16号
大田区大森西三丁目13番13号,特区民泊,大森西三丁目13番13号,12 エアトリステイ大森町,,大田区大森西三丁目13番13号
大田区大森西三丁目21番９－202号,特区民泊,大森西三丁目21番９－202号,13 アズサ　ホーム　AZUSA Home ,,大田区大森西三丁目21番９－202号
大田区大森西三丁目27番11号(１階),特区民泊,大森西三丁目27番11号(１階),14 京縁001(kyoen 001) ,,大田区大森西三丁目27番11号(１階)
大田区大森西三丁目27番11号(２階),特区民泊,大森西三丁目27番11号(２階),15 京縁002(kyoen 002) ,,大田区大森西三丁目27番11号(２階)
大田区大森西四丁目３番20号,特区民泊,大森西四丁目３番20号,16 サンセイランディック コンセプトルーム,,大田区大森西四丁目３番20号
大田区大森西四丁目３番20号,特区民泊,大森西四丁目３番20号,17 サンセイランディック コンセプトルームⅡ ,,大田区大森西四丁目３番20号
大田区大森西四丁目12番13号（１階）,特区民泊,大森西四丁目12番13号（１階）,18 オニタビハウス,,大田区大森西四丁目12番13号（１階）
大田区大森西五丁目19番４－101～103・201～203・301～303号,特区民泊,大森西五丁目19番４－101～103・201～203・301～303号,19 M-1 Tokyo 大森西５ ,,大田区大森西五丁目19番４－101～103・201～203・301～303号
大田区大森西五丁目23番５号（１階・２階）,特区民泊,大森西五丁目23番５号（１階・２階）,20 UME5235 ,,大田区大森西五丁目23番５号（１階・２階）
大田区大森西六丁目12番５号（１階）,特区民泊,大森西六丁目12番５号（１階）,21 パークテラス緑の風,,大田区大森西六丁目12番５号（１階）
大田区大森北一丁目19番20－201・302号,特区民泊,大森北一丁目19番20－201・302号,22 パークレジデンス大森,,大田区大森北一丁目19番20－201・302号
大田区大森北二丁目４番７号（３階）,特区民泊,大森北二丁目４番７号（３階）,23 MY Tokyo Home Omori♯1 ,,大田区大森北二丁目４番７号（３階）
大田区大森北二丁目５番７－201号,特区民泊,大森北二丁目５番７－201号,24 ID STAY 大森２ ,,大田区大森北二丁目５番７－201号
大田区大森北六丁目１番８号（１階）,特区民泊,大森北六丁目１番８号（１階）,25 BEST　HOUSE ,,大田区大森北六丁目１番８号（１階）
大田区大森北六丁目３番22号１階２号室,特区民泊,大森北六丁目３番22号１階２号室,26 Heiwajima guesthouse ,,大田区大森北六丁目３番22号１階２号室
大田区大森北六丁目15番８号,特区民泊,大森北六丁目15番８号,27 平和島ハウス,,大田区大森北六丁目15番８号
大田区大森北六丁目30番16－201号,特区民泊,大森北六丁目30番16－201号,28 平和アパートメント,,大田区大森北六丁目30番16－201号
大田区大森本町二丁目４番10－101・201～203・301～303・401～403号,特区民泊,大森本町二丁目４番10－101・201～203・301～303・401～403号,29 VACATION INN HEIWAJIMA Ⅰ(バケーション・イン平和島Ⅰ）,,大田区大森本町二丁目４番10－101・201～203・301～303・401～403号
大田区大森本町二丁目７番20－202号,特区民泊,大森本町二丁目７番20－202号,30 グレース平和島,,大田区大森本町二丁目７番20－202号
大田区山王一丁目１番８－206・304号,特区民泊,山王一丁目１番８－206・304号,31 山王濱栖鳳,,大田区山王一丁目１番８－206・304号
大田区山王三丁目３番４－１A・１B・２A・２B・２D・３A・３B・３D・４A・４B・4D・５A・５B・５D号,特区民泊,山王三丁目３番４－１A・１B・２A・２B・２D・３A・３B・３D・４A・４B・4D・５A・５B・５D号,32 THE　AOCA　TOKYO　山王,,大田区山王三丁目３番４－１A・１B・２A・２B・２D・３A・３B・３D・４A・４B・4D・５A・５B・５D号
大田区東馬込一丁目12番12号,特区民泊,東馬込一丁目12番12号,33 ＫＯＭＩＮＫＡ ,,大田区東馬込一丁目12番12号
大田区東馬込一丁目33番16号,特区民泊,東馬込一丁目33番16号,34 コンバーテル東馬込,,大田区東馬込一丁目33番16号
大田区南馬込二丁目９番11号（１階・２階）,特区民泊,南馬込二丁目９番11号（１階・２階）,35 大福ハウス,,大田区南馬込二丁目９番11号（１階・２階）
大田区南馬込五丁目31番10号（１階）,特区民泊,南馬込五丁目31番10号（１階）,36 Terminal A01 ,,大田区南馬込五丁目31番10号（１階）
大田区北馬込二丁目25番４号（１階）,特区民泊,北馬込二丁目25番４号（１階）,37 茨田民泊,,大田区北馬込二丁目25番４号（１階）
大田区池上二丁目15番４－101～103・201～203・205・301～303・305号,特区民泊,池上二丁目15番４－101～103・201～203・205・301～303・305号,38 M-1 Tokyo 池上,,大田区池上二丁目15番４－101～103・201～203・205・301～303・305号
大田区池上三丁目20番２－201～203・301～303・401～403・503・601～603号,特区民泊,池上三丁目20番２－201～203・301～303・401～403・503・601～603号,39 C'est joli IKEGAMI（セジョリ池上）,,大田区池上三丁目20番２－201～203・301～303・401～403・503・601～603号
大田区池上三丁目35番４－101・102・201～206・301～306号,特区民泊,池上三丁目35番４－101・102・201～206・301～306号,40 ジェノビア池上スカイガーデン,,大田区池上三丁目35番４－101・102・201～206・301～306号
大田区池上五丁目３番５号,特区民泊,池上五丁目３番５号,41 池上の家,,大田区池上五丁目３番５号
大田区池上六丁目42番６号,特区民泊,池上六丁目42番６号,42 ゼウス池上,,大田区池上六丁目42番６号
大田区北嶺町32番17－103・202号,特区民泊,北嶺町32番17－103・202号,43 ソフィアステージ御嶽山,,大田区北嶺町32番17－103・202号
大田区田園調布南２番11号（2階）,特区民泊,田園調布南２番11号（2階）,44 Balian Rose ,,大田区田園調布南２番11号（2階）
大田区田園調布南18番18－206・301号,特区民泊,田園調布南18番18－206・301号,45 田園調布南ビル206、301号室,,大田区田園調布南18番18－206・301号
大田区鵜の木三丁目34番16－101・102・105～107・201～203・205～207・301～303・305～307号,特区民泊,鵜の木三丁目34番16－101・102・105～107・201～203・205～207・301～303・305～307号,46 M‐1 Tokyo 鵜の木,,大田区鵜の木三丁目34番16－101・102・105～107・201～203・205～207・301～303・305～307号
大田区千鳥二丁目２番８－102・103・105・201～203・205・301～303・305号,特区民泊,千鳥二丁目２番８－102・103・105・201～203・205・301～303・305号,47 M‐1 Tokyo 千鳥,,大田区千鳥二丁目２番８－102・103・105・201～203・205・301～303・305号
大田区千鳥二丁目６番13号（１階）,特区民泊,千鳥二丁目６番13号（１階）,48 Enjoy locallife in Tokyo ,,大田区千鳥二丁目６番13号（１階）
大田区千鳥三丁目13番12－101・102・201～205・301～305・401～405・501～505・601～605・701～705・801～803号,特区民泊,千鳥三丁目13番12－101・102・201～205・301～305・401～405・501～505・601～605・701～705・801～803号,49 ヴォーガコルテ千鳥町,,大田区千鳥三丁目13番12－101・102・201～205・301～305・401～405・501～505・601～605・701～705・801～803号
大田区久が原一丁目２番16－101～103・105～108・110・111・201～203・205～208・210・211・301～303・305～308・310・311号,特区民泊,久が原一丁目２番16－101～103・105～108・110・111・201～203・205～208・210・211・301～303・305～308・310・311号,50 M-1 Tokyo 久が原,,大田区久が原一丁目２番16－101～103・105～108・110・111・201～203・205～208・210・211・301～303・305～308・310・311号
大田区久が原三丁目30番11－201・202・203号,特区民泊,久が原三丁目30番11－201・202・203号,51 東京秘密基地,,大田区久が原三丁目30番11－201・202・203号
大田区久が原三丁目30番11－103号,特区民泊,久が原三丁目30番11－103号,52 久が原３丁目コーポ第３ ,,大田区久が原三丁目30番11－103号
大田区北千束一丁目56番９号２号室,特区民泊,北千束一丁目56番９号２号室,53 コミチテラス大岡山２号室,,大田区北千束一丁目56番９号２号室
大田区仲池上二丁目19番19号（１階）,特区民泊,仲池上二丁目19番19号（１階）,54 川田邸,,大田区仲池上二丁目19番19号（１階）
大田区東雪谷二丁目８番２－201～205・301～305・401～405・501～505・601～604・701～704・801号,特区民泊,東雪谷二丁目８番２－201～205・301～305・401～405・501～505・601～604・701～704・801号,55 AXAS STAY石川台,,大田区東雪谷二丁目８番２－201～205・301～305・401～405・501～505・601～604・701～704・801号
大田区東糀谷二丁目８番13－101～103・105・201～203・205・301～303・305号,特区民泊,東糀谷二丁目８番13－101～103・105・201～203・205・301～303・305号,56 M‐1 Tokyo 東糀谷,,大田区東糀谷二丁目８番13－101～103・105・201～203・205・301～303・305号
大田区西糀谷一丁目８番14－101～103・201～203・301～303号,特区民泊,西糀谷一丁目８番14－101～103・201～203・301～303号,57 M‐1 Tokyo 西糀谷１ ,,大田区西糀谷一丁目８番14－101～103・201～203・301～303号
大田区西糀谷一丁目９番11－101号,特区民泊,西糀谷一丁目９番11－101号,58 雅,,大田区西糀谷一丁目９番11－101号
大田区西糀谷一丁目９番11－105号,特区民泊,西糀谷一丁目９番11－105号,59 シーフォルム京急蒲田,,大田区西糀谷一丁目９番11－105号
大田区西糀谷一丁目９番11－210号,特区民泊,西糀谷一丁目９番11－210号,60 SYFORME KEIKYU-KAMATA（シーフォルム京急蒲田）210号室,,大田区西糀谷一丁目９番11－210号
大田区西糀谷一丁目９番11－301号,特区民泊,西糀谷一丁目９番11－301号,61 SYFORME KEIKYU-KAMATA ,,大田区西糀谷一丁目９番11－301号
大田区西糀谷一丁目９番11－302号,特区民泊,西糀谷一丁目９番11－302号,62 シーフォルム京急蒲田,,大田区西糀谷一丁目９番11－302号
大田区西糀谷一丁目９番11－303号,特区民泊,西糀谷一丁目９番11－303号,63 シーフォルム,,大田区西糀谷一丁目９番11－303号
大田区西糀谷一丁目９番11－306・307号,特区民泊,西糀谷一丁目９番11－306・307号,64 シーフォルム京急蒲田,,大田区西糀谷一丁目９番11－306・307号
大田区西糀谷一丁目９番11－401号,特区民泊,西糀谷一丁目９番11－401号,65 シーフォルム京急蒲田　#401 ,,大田区西糀谷一丁目９番11－401号
大田区西糀谷一丁目９番11－406号,特区民泊,西糀谷一丁目９番11－406号,66 シーフォルム京急蒲田,,大田区西糀谷一丁目９番11－406号
大田区西糀谷一丁目９番11－407号,特区民泊,西糀谷一丁目９番11－407号,67 SYFORME KEIKYU-KAMATA（シーフォルム京急蒲田）407,,大田区西糀谷一丁目９番11－407号
大田区西糀谷一丁目９番11－501号,特区民泊,西糀谷一丁目９番11－501号,68 シーフォルム京急蒲田,,大田区西糀谷一丁目９番11－501号
大田区西糀谷一丁目９番11－504号,特区民泊,西糀谷一丁目９番11－504号,69 SYFORME KEIKYU-KAMATA ,,大田区西糀谷一丁目９番11－504号
大田区西糀谷一丁目19番３－101～103・105・201～203・205・206・301～303・305・306号,特区民泊,西糀谷一丁目19番３－101～103・105・201～203・205・206・301～303・305・306号,70 M-1 Tokyo 西糀谷1-Ⅱ,,大田区西糀谷一丁目19番３－101～103・105・201～203・205・206・301～303・305・306号
大田区西糀谷一丁目21番14号,特区民泊,西糀谷一丁目21番14号,71 KAERU-TOKYO2 ,,大田区西糀谷一丁目21番14号
大田区西糀谷二丁目８番９号,特区民泊,西糀谷二丁目８番９号,72 ナオトコ民泊,,大田区西糀谷二丁目８番９号
大田区西糀谷二丁目10番14－105～107・201～207・301～307・401～407・501～506・601～604号,特区民泊,西糀谷二丁目10番14－105～107・201～207・301～307・401～407・501～506・601～604号,73 ユニバーサル羽田,,大田区西糀谷二丁目10番14－105～107・201～207・301～307・401～407・501～506・601～604号
大田区西糀谷三丁目５番12－101～106・210・310・410・510号,特区民泊,西糀谷三丁目５番12－101～106・210・310・410・510号,74 Harmony Residence HANEDA WEST#002(ハーモニーレジデンス羽田ウエスト＃002),,大田区西糀谷三丁目５番12－101～106・210・310・410・510号
大田区西糀谷三丁目31番12－101～103・105・201～203・205・301～303号,特区民泊,西糀谷三丁目31番12－101～103・105・201～203・205・301～303号,75 M‐1 Tokyo 西糀谷３,,大田区西糀谷三丁目31番12－101～103・105・201～203・205・301～303号
大田区西糀谷四丁目４番24－101～103・105・201～203・205・206・301～303・305・306号,特区民泊,西糀谷四丁目４番24－101～103・105・201～203・205・206・301～303・305・306号,76 M‐1 Tokyo 西糀谷４,,大田区西糀谷四丁目４番24－101～103・105・201～203・205・206・301～303・305・306号
大田区西糀谷四丁目７番16号（１階・２階）,特区民泊,西糀谷四丁目７番16号（１階・２階）,77 TSUMUGI　HOUSE ,,大田区西糀谷四丁目７番16号（１階・２階）
大田区西糀谷四丁目31番３－101・201・202・303・402号,特区民泊,西糀谷四丁目31番３－101・201・202・303・402号,78 IMPEST STAY Tokyo Kamata ,,大田区西糀谷四丁目31番３－101・201・202・303・402号
大田区西糀谷四丁目31番３－102・103・105・203・205・301・302・305・401・403・405・501～503・601～603号,特区民泊,西糀谷四丁目31番３－102・103・105・203・205・301・302・305・401・403・405・501～503・601～603号,79 IMPEST STAY Tokyo Kamata,,大田区西糀谷四丁目31番３－102・103・105・203・205・301・302・305・401・403・405・501～503・601～603号
大田区羽田一丁目５番13号,特区民泊,羽田一丁目５番13号,80 Joiner's House ,,大田区羽田一丁目５番13号
大田区羽田二丁目20番８号,特区民泊,羽田二丁目20番８号,81 MIC’s　house羽田2 ,,大田区羽田二丁目20番８号
大田区羽田三丁目３番15－305号,特区民泊,羽田三丁目３番15－305号,82 delamo room 305 ,,大田区羽田三丁目３番15－305号
大田区羽田四丁目５番５号,特区民泊,羽田四丁目５番５号,83 サムライハウス幸村荘,,大田区羽田四丁目５番５号
大田区羽田五丁目16番７号,特区民泊,羽田五丁目16番７号,84 Pebliss陽（Hinata）壱,,大田区羽田五丁目16番７号
大田区羽田五丁目20番５－101・102・201・202・301・302号,特区民泊,羽田五丁目20番５－101・102・201・202・301・302号,85 M-1 Tokyo 羽田5-Ⅱ ,,大田区羽田五丁目20番５－101・102・201・202・301・302号
大田区羽田五丁目20番11－101～103・201～203・301～303号,特区民泊,羽田五丁目20番11－101～103・201～203・301～303号,86 M‐1 Tokyo 羽田,,大田区羽田五丁目20番11－101～103・201～203・301～303号
大田区羽田六丁目12番７号,特区民泊,羽田六丁目12番７号,87 The Guest House ‘SAMURAI’ ,,大田区羽田六丁目12番７号
大田区萩中一丁目６番18号,特区民泊,萩中一丁目６番18号,88 京縁,,大田区萩中一丁目６番18号
大田区萩中二丁目８番15号（３階）,特区民泊,萩中二丁目８番15号（３階）,89 SEIBLDG.糀谷,,大田区萩中二丁目８番15号（３階）
大田区萩中三丁目９番２－301号,特区民泊,萩中三丁目９番２－301号,90 ヴァン・ヴェールＨＡＮＥＤＡ ,,大田区萩中三丁目９番２－301号
大田区萩中三丁目９番13－101号,特区民泊,萩中三丁目９番13－101号,91 さくらすてい大鳥居,,大田区萩中三丁目９番13－101号
大田区萩中三丁目27番16号,特区民泊,萩中三丁目27番16号,92 Yasuragi ,,大田区萩中三丁目27番16号
大田区東六郷一丁目３番４号,特区民泊,東六郷一丁目３番４号,93 Tokyo House Kamata B ,,大田区東六郷一丁目３番４号
大田区東六郷一丁目３番７号,特区民泊,東六郷一丁目３番７号,94 Tokyo House Kamata J ,,大田区東六郷一丁目３番７号
大田区東六郷一丁目３番７号,特区民泊,東六郷一丁目３番７号,95 Tokyo House Kamata K ,,大田区東六郷一丁目３番７号
大田区東六郷一丁目３番７号,特区民泊,東六郷一丁目３番７号,96 Tokyo House Kamata L ,,大田区東六郷一丁目３番７号
大田区東六郷一丁目３番15号,特区民泊,東六郷一丁目３番15号,97 Tokyo House Kamata M ,,大田区東六郷一丁目３番15号
大田区東六郷一丁目４番７－104・204号,特区民泊,東六郷一丁目４番７－104・204号,98 XEBEC（ジーベック）京急蒲田,,大田区東六郷一丁目４番７－104・204号
大田区東六郷一丁目18番７号,特区民泊,東六郷一丁目18番７号,99 Owl House（アウルハウス） ,,大田区東六郷一丁目18番７号
大田区東六郷一丁目22番５号,特区民泊,東六郷一丁目22番５号,100 東六郷 WHITE ,,大田区東六郷一丁目22番５号
大田区東六郷一丁目22番５号,特区民泊,東六郷一丁目22番５号,101 東六郷 BLACK ,,大田区東六郷一丁目22番５号
大田区東六郷三丁目19番４－101～103・105・201～203・205・301～303・305号,特区民泊,東六郷三丁目19番４－101～103・105・201～203・205・301～303・305号,102 M-1 Tokyo 東六郷,,大田区東六郷三丁目19番４－101～103・105・201～203・205・301～303・305号
大田区西六郷一丁目15番１－202号,特区民泊,西六郷一丁目15番１－202号,103 Ｏｌｉｖｅ（オリーブ） ,,大田区西六郷一丁目15番１－202号
大田区西六郷一丁目46番10号,特区民泊,西六郷一丁目46番10号,104 The Guest House ‘KABUKI’ ,,大田区西六郷一丁目46番10号
大田区西六郷二丁目16番20号,特区民泊,西六郷二丁目16番20号,105 Shitamashi Club Rokugo ,,大田区西六郷二丁目16番20号
大田区西六郷三丁目３番10－101～103・105・201～203・205・301～303号,特区民泊,西六郷三丁目３番10－101～103・105・201～203・205・301～303号,106 M‐1 Tokyo 西六郷３,,大田区西六郷三丁目３番10－101～103・105・201～203・205・301～303号
大田区南六郷二丁目８番16－101・103・201・203・301・303号,特区民泊,南六郷二丁目８番16－101・103・201・203・301・303号,107 M-1 Tokyo 南六郷,,大田区南六郷二丁目８番16－101・103・201・203・301・303号
大田区南六郷二丁目25番21－101～105号,特区民泊,南六郷二丁目25番21－101～105号,108　Modern La Fonte Minamirokugo（モダンラフォンテ南六郷）,,大田区南六郷二丁目25番21－101～105号
大田区仲六郷一丁目28番１号,特区民泊,仲六郷一丁目28番１号,109 金沢宅　民泊施設,,大田区仲六郷一丁目28番１号
大田区仲六郷二丁目29番６号,特区民泊,仲六郷二丁目29番６号,110 雑色ハウス,,大田区仲六郷二丁目29番６号
大田区仲六郷二丁目29番７号（３階Ａ号室・３階Ｂ号室）,特区民泊,仲六郷二丁目29番７号（３階Ａ号室・３階Ｂ号室）,111 SGハウス Tokyo Ota ,,大田区仲六郷二丁目29番７号（３階Ａ号室・３階Ｂ号室）
大田区仲六郷二丁目34番４－101～103・201～203・301～303号,特区民泊,仲六郷二丁目34番４－101～103・201～203・301～303号,112 M-1 Tokyo 仲六郷,,大田区仲六郷二丁目34番４－101～103・201～203・301～303号
大田区下丸子一丁目14番７号,特区民泊,下丸子一丁目14番７号,113 guest house Furari shimomaruko ,,大田区下丸子一丁目14番７号
大田区下丸子一丁目14番22－101～103・105・106・201～203・205・206・301～303・305・306号,特区民泊,下丸子一丁目14番22－101～103・105・106・201～203・205・206・301～303・305・306号,114 M-1 Tokyo 下丸子,,大田区下丸子一丁目14番22－101～103・105・106・201～203・205・206・301～303・305・306号
大田区下丸子三丁目25番18号,特区民泊,下丸子三丁目25番18号,115 ハウス悠愛 下丸子,,大田区下丸子三丁目25番18号
大田区矢口一丁目14番12－201号,特区民泊,矢口一丁目14番12－201号,116 MASAKIYA HOUSE ,,大田区矢口一丁目14番12－201号
大田区矢口二丁目１番27－101～103・201～203・301～303号,特区民泊,矢口二丁目１番27－101～103・201～203・301～303号,117 M‐1 Tokyo 矢口,,大田区矢口二丁目１番27－101～103・201～203・301～303号
大田区矢口二丁目28番９－501号,特区民泊,矢口二丁目28番９－501号,118 矢口フラワーマンション　501号室,,大田区矢口二丁目28番９－501号
大田区東矢口二丁目４番10－101・102・201～203・301～303・401～403号,特区民泊,東矢口二丁目４番10－101・102・201～203・301～303・401～403号,119 M‐1 Tokyo 東矢口２,,大田区東矢口二丁目４番10－101・102・201～203・301～303・401～403号
大田区東矢口三丁目５番５－602号,特区民泊,東矢口三丁目５番５－602号,120 Ｇｕｅｓｔ　ｈｏｕｓｅ　Ｆｕｒａｒｉ　蓮沼,,大田区東矢口三丁目５番５－602号
大田区東矢口三丁目31番２－102・103・105～107・201～203・205～207・301～303・305～307号,特区民泊,東矢口三丁目31番２－102・103・105～107・201～203・205～207・301～303・305～307号,121 M-1 Tokyo 東矢口３,,大田区東矢口三丁目31番２－102・103・105～107・201～203・205～207・301～303・305～307号
大田区多摩川一丁目６番26号（２階）,特区民泊,多摩川一丁目６番26号（２階）,122 Gallery House 1 ,,大田区多摩川一丁目６番26号（２階）
大田区多摩川一丁目６番26号（３階）,特区民泊,多摩川一丁目６番26号（３階）,123 Gallery House 2 ,,大田区多摩川一丁目６番26号（３階）
大田区東蒲田一丁目10番４－201号,特区民泊,東蒲田一丁目10番４－201号,124 フタバハイツ　201号室,,大田区東蒲田一丁目10番４－201号
大田区東蒲田一丁目21番15－1202号,特区民泊,東蒲田一丁目21番15－1202号,125 東蒲田ColorBee Hostel ,,大田区東蒲田一丁目21番15－1202号
大田区東蒲田一丁目22番９号,特区民泊,東蒲田一丁目22番９号,126 Tokyo House Kamata A ,,大田区東蒲田一丁目22番９号
大田区東蒲田二丁目６番17号,特区民泊,東蒲田二丁目６番17号,127 Tokyo Family 001（東京家族001） ,,大田区東蒲田二丁目６番17号
大田区東蒲田二丁目７番５－101・102・202号,特区民泊,東蒲田二丁目７番５－101・102・202号,128 TMビル,,大田区東蒲田二丁目７番５－101・102・202号
大田区東蒲田二丁目29番12号,特区民泊,東蒲田二丁目29番12号,129 Pebliss翼壱,,大田区東蒲田二丁目29番12号
大田区南蒲田一丁目７番４号,特区民泊,南蒲田一丁目７番４号,130 satoie kamata private villa ,,大田区南蒲田一丁目７番４号
大田区南蒲田一丁目７番７号,特区民泊,南蒲田一丁目７番７号,131 Homies House HANEDA ,,大田区南蒲田一丁目７番７号
大田区南蒲田一丁目７番22－201号,特区民泊,南蒲田一丁目７番22－201号,132 メゾン高平,,大田区南蒲田一丁目７番22－201号
大田区南蒲田一丁目15番７－101号,特区民泊,南蒲田一丁目15番７－101号,133 グラートテラス,,大田区南蒲田一丁目15番７－101号
大田区南蒲田一丁目18番６号,特区民泊,南蒲田一丁目18番６号,134 South Kamata-１ ,,大田区南蒲田一丁目18番６号
大田区南蒲田一丁目18番６号,特区民泊,南蒲田一丁目18番６号,135 Guest house Haneda Airport ,,大田区南蒲田一丁目18番６号
大田区南蒲田二丁目10番19－101～103・105～107・201～203・205～207・301～303・305～307号,特区民泊,南蒲田二丁目10番19－101～103・105～107・201～203・205～207・301～303・305～307号,136 M-1 Tokyo 南蒲田,,大田区南蒲田二丁目10番19－101～103・105～107・201～203・205～207・301～303・305～307号
大田区南蒲田二丁目11番22号,特区民泊,南蒲田二丁目11番22号,137 Happiness Home-1 ,,大田区南蒲田二丁目11番22号
大田区南蒲田二丁目28番27－303号,特区民泊,南蒲田二丁目28番27－303号,138 プリマヴェーラ303 ,,大田区南蒲田二丁目28番27－303号
大田区南蒲田三丁目10番７号,特区民泊,南蒲田三丁目10番７号,139 Smile Inn Tokyo-Kojiya ,,大田区南蒲田三丁目10番７号
大田区西蒲田三丁目21番16－２－B号,特区民泊,西蒲田三丁目21番16－２－B号,140 アレイン２－B号室,,大田区西蒲田三丁目21番16－２－B号
大田区西蒲田四丁目２番２号,特区民泊,西蒲田四丁目２番２号,141 木下邸,,大田区西蒲田四丁目２番２号
大田区西蒲田四丁目25番13－202号,特区民泊,西蒲田四丁目25番13－202号,142 西蒲田ColorBee House ,,大田区西蒲田四丁目25番13－202号
大田区西蒲田五丁目11番９号,特区民泊,西蒲田五丁目11番９号,143 グローバルハウス,,大田区西蒲田五丁目11番９号
大田区西蒲田六丁目９番10－101号,特区民泊,西蒲田六丁目９番10－101号,144 Leopalace TOKYO KAMATA（レオパレス東京蒲田） ,,大田区西蒲田六丁目９番10－101号
大田区西蒲田七丁目14番１－203・303・403・603・703号,特区民泊,西蒲田七丁目14番１－203・303・403・603・703号,145 株式会社弘城　西社宅,,大田区西蒲田七丁目14番１－203・303・403・603・703号
大田区西蒲田七丁目42番７－202・303・403号,特区民泊,西蒲田七丁目42番７－202・303・403号,146 SPACE KURO ,,大田区西蒲田七丁目42番７－202・303・403号
大田区西蒲田七丁目42番７－502号,特区民泊,西蒲田七丁目42番７－502号,147 エイビス西蒲田ビル　502号,,大田区西蒲田七丁目42番７－502号
大田区西蒲田七丁目36番７－402号,特区民泊,西蒲田七丁目36番７－402号,148 ミソノプラザ,,大田区西蒲田七丁目36番７－402号
大田区西蒲田七丁目60番３－403号,特区民泊,西蒲田七丁目60番３－403号,149 みせんビル　403号,,大田区西蒲田七丁目60番３－403号
大田区西蒲田七丁目63番８号（２階）,特区民泊,西蒲田七丁目63番８号（２階）,150 西蒲田７丁目店舗戸建,,大田区西蒲田七丁目63番８号（２階）
大田区西蒲田八丁目４番２－706号,特区民泊,西蒲田八丁目４番２－706号,151 XEBEC（ジーベック）蒲田Station-exe.706 ,,大田区西蒲田八丁目４番２－706号
大田区蒲田一丁目８番14号,特区民泊,蒲田一丁目８番14号,152 三正ハウス,,大田区蒲田一丁目８番14号
大田区蒲田二丁目13番10号,特区民泊,蒲田二丁目13番10号,153 梅屋敷の館,,大田区蒲田二丁目13番10号
大田区蒲田三丁目14番６－101～103・201～203・301～303号,特区民泊,蒲田三丁目14番６－101～103・201～203・301～303号,154 M‐1 Tokyo 蒲田,,大田区蒲田三丁目14番６－101～103・201～203・301～303号
大田区蒲田四丁目26番４－101・102・201・202・301・302・401・402・501・502号,特区民泊,蒲田四丁目26番４－101・102・201・202・301・302・401・402・501・502号,155 VACATION INN KAMATA Ⅰ(バケーション・イン蒲田Ⅰ）,,大田区蒲田四丁目26番４－101・102・201・202・301・302・401・402・501・502号
大田区蒲田四丁目27番４－101・102・201～203・301～303・401～403・501～503号,特区民泊,蒲田四丁目27番４－101・102・201～203・301～303・401～403・501～503号,156 ＫＡＲＩＯ　ＫＡＭＡＴＡ,,大田区蒲田四丁目27番４－101・102・201～203・301～303・401～403・501～503号
大田区蒲田四丁目31番６－101～103・201～205・301～305・401～404・501～503号,特区民泊,蒲田四丁目31番６－101～103・201～205・301～305・401～404・501～503号,157 TOKYO KAMATA 4316,,大田区蒲田四丁目31番６－101～103・201～205・301～305・401～404・501～503号
大田区蒲田四丁目31番12－201号,特区民泊,蒲田四丁目31番12－201号,158 シティプラザ蒲田,,大田区蒲田四丁目31番12－201号
大田区蒲田五丁目４番４号（２階）,特区民泊,蒲田五丁目４番４号（２階）,159 イルカ　イルカ　ハウス,,大田区蒲田五丁目４番４号（２階）
大田区蒲田五丁目21番１号（３階から５階）,特区民泊,蒲田五丁目21番１号（３階から５階）,160 YU`S HOUSE ,,大田区蒲田五丁目21番１号（３階から５階）
大田区蒲田本町一丁目６番９－101～103・201～203・301～303号,特区民泊,蒲田本町一丁目６番９－101～103・201～203・301～303号,161 M-1 Tokyo 蒲田本町,,大田区蒲田本町一丁目６番９－101～103・201～203・301～303号
大田区蒲田本町一丁目７番２号,特区民泊,蒲田本町一丁目７番２号,162 蒲田本町ColorBee House ,,大田区蒲田本町一丁目７番２号
大田区蒲田本町二丁目６番２号,特区民泊,蒲田本町二丁目６番２号,163 May Guest House ,,大田区蒲田本町二丁目６番２号
大田区蒲田本町二丁目６番10号,特区民泊,蒲田本町二丁目６番10号,164 KAMATA ANN ,,大田区蒲田本町二丁目６番10号
大田区新蒲田一丁目３番１－101号,特区民泊,新蒲田一丁目３番１－101号,165 ルミエール泉,,大田区新蒲田一丁目３番１－101号
大田区大森東四丁目23番２号,簡易宿所,大森東四丁目23番２号,1 旅の宿　大森倉庫,,大田区大森東四丁目23番２号
大田区大森東四丁目23番２号,簡易宿所,大森東四丁目23番２号,2 旅の宿　大森倉庫別館,,大田区大森東四丁目23番２号
大田区大森西二丁目11番21号,旅館・ホテル,大森西二丁目11番21号,3 Cosmo　House ,,大田区大森西二丁目11番21号
大田区大森西二丁目32番１号,簡易宿所,大森西二丁目32番１号,4 GUEST HOUSE SHIE SHIMI ,,大田区大森西二丁目32番１号
大田区大森西三丁目32番７号,旅館・ホテル,大森西三丁目32番７号,5 ホテルビジネスヴィラ大森,,大田区大森西三丁目32番７号
大田区大森北一丁目１番７号,旅館・ホテル,大森北一丁目１番７号,6 HOTEL BAR GRANTiOS　別邸,,大田区大森北一丁目１番７号
大田区大森北一丁目６番16号,旅館・ホテル,大森北一丁目６番16号,7 大森東急REIホテル,,大田区大森北一丁目６番16号
大田区大森北一丁目27番10号,旅館・ホテル,大森北一丁目27番10号,8 ホテルデュオ　　　　　　　　　　,,大田区大森北一丁目27番10号
大田区大森北一丁目28番４号,旅館・ホテル,大森北一丁目28番４号,9 旅館ピュア　　　　　　　　　　,,大田区大森北一丁目28番４号
大田区大森北一丁目34番16号,簡易宿所,大森北一丁目34番16号,10 カプセルホテル＆サウナみづほ,,大田区大森北一丁目34番16号
大田区大森北二丁目15番３号,旅館・ホテル,大森北二丁目15番３号,11 Bell Forest Inn ,,大田区大森北二丁目15番３号
大田区大森北二丁目16番１号,旅館・ホテル,大森北二丁目16番１号,12 ホテル パリオ,,大田区大森北二丁目16番１号
大田区大森北二丁目16番６号,旅館・ホテル,大森北二丁目16番６号,13 カイガン物語,,大田区大森北二丁目16番６号
大田区大森北二丁目16番9号,旅館・ホテル,大森北二丁目16番9号,14 Bell Forest Inn Zakone ,,大田区大森北二丁目16番9号
大田区大森北二丁目17番４号,旅館・ホテル,大森北二丁目17番４号,15 南国　　　　　　　　　　　,,大田区大森北二丁目17番４号
大田区大森北二丁目17番５号,旅館・ホテル,大森北二丁目17番５号,16 エレガンス　　　　　　　　　　,,大田区大森北二丁目17番５号
大田区大森北二丁目17番７号,旅館・ホテル,大森北二丁目17番７号,17 二番館,,大田区大森北二丁目17番７号
大田区大森北二丁目17番８号,旅館・ホテル,大森北二丁目17番８号,18 AROMA GARU（アロマ　ガル） ,,大田区大森北二丁目17番８号
大田区大森本町一丁目２番10号,旅館・ホテル,大森本町一丁目２番10号,19 Tmark City Hotel TOKYO OMORI ,,大田区大森本町一丁目２番10号
大田区大森本町二丁目17番８号,簡易宿所,大森本町二丁目17番８号,20 Ｔハウス,,大田区大森本町二丁目17番８号
大田区平和島四丁目２番15号,旅館・ホテル,平和島四丁目２番15号,21 大田区青少年交流センター,,大田区平和島四丁目２番15号
大田区北馬込二丁目31番１号,旅館・ホテル,北馬込二丁目31番１号,22 ホテル　ステイシード,,大田区北馬込二丁目31番１号
大田区北馬込二丁目31番６号,旅館・ホテル,北馬込二丁目31番６号,23 東京イン　　　　　　　　　　　,,大田区北馬込二丁目31番６号
大田区中央二丁目７番２号,旅館・ホテル,中央二丁目７番２号,24 大森ハッピースマイルホテル,,大田区中央二丁目７番２号
大田区中央八丁目31番４号,簡易宿所,中央八丁目31番４号,25 万雅家和,,大田区中央八丁目31番４号
大田区池上一丁目２番１号,旅館・ホテル,池上一丁目２番１号,26 朗峰会館　　　　　　　　　　　,,大田区池上一丁目２番１号
大田区東糀谷二丁目11番18号,旅館・ホテル,東糀谷二丁目11番18号,27 変なホテル東京 羽田,,大田区東糀谷二丁目11番18号
大田区東糀谷三丁目１番６号,簡易宿所,東糀谷三丁目１番６号,28 Guesthouse扇子,,大田区東糀谷三丁目１番６号
大田区東糀谷三丁目12番８号,旅館・ホテル,東糀谷三丁目12番８号,29 羽田イン,,大田区東糀谷三丁目12番８号
大田区西糀谷三丁目28番９号,旅館・ホテル,西糀谷三丁目28番９号,30 Numero Uno Tokyo ,,大田区西糀谷三丁目28番９号
大田区西糀谷三丁目30番13号,簡易宿所,西糀谷三丁目30番13号,31 HISAYO’S INN ,,大田区西糀谷三丁目30番13号
大田区羽田旭町４番11号,旅館・ホテル,羽田旭町４番11号,32 ホテルJALシティ羽田東京,,大田区羽田旭町４番11号
大田区羽田旭町４番16号,旅館・ホテル,羽田旭町４番16号,33 ホテルJALシティ 羽田 東京 ウエスト ウイング,,大田区羽田旭町４番16号
大田区羽田一丁目１番７号,旅館・ホテル,羽田一丁目１番７号,34 東横イン羽田空港Ⅱ ,,大田区羽田一丁目１番７号
大田区羽田一丁目２番１号,旅館・ホテル,羽田一丁目２番１号,35 東横イン羽田空港Ⅰ ,,大田区羽田一丁目２番１号
大田区羽田一丁目15番16号,簡易宿所,羽田一丁目15番16号,36 BeagleTokyo Hostel & Apartments ,,大田区羽田一丁目15番16号
大田区羽田三丁目２番８号,簡易宿所,羽田三丁目２番８号,37 328　HOSTEL＆LOUNGE ,,大田区羽田三丁目２番８号
大田区羽田四丁目４番13号,旅館・ホテル,羽田四丁目４番13号,38 ビジネスホテル　梅月,,大田区羽田四丁目４番13号
大田区羽田四丁目５番１号,簡易宿所,羽田四丁目５番１号,39 HOSTEL BookCafeはねだぷりん,,大田区羽田四丁目５番１号
大田区羽田四丁目14番４号,旅館・ホテル,羽田四丁目14番４号,40 京急ＥＸイン 羽田・穴守稲荷駅前,,大田区羽田四丁目14番４号
大田区羽田五丁目１番13号,旅館・ホテル,羽田五丁目１番13号,41 ホテルマイステイズ羽田,,大田区羽田五丁目１番13号
大田区羽田五丁目５番14号,旅館・ホテル,羽田五丁目５番14号,42 京急ＥＸイン羽田,,大田区羽田五丁目５番14号
大田区羽田五丁目13番４号,簡易宿所,羽田五丁目13番４号,43 IKIDANE Cozy Hotel 羽田空港,,大田区羽田五丁目13番４号
大田区羽田五丁目22番５号,旅館・ホテル,羽田五丁目22番５号,44 エアポート イン,,大田区羽田五丁目22番５号
大田区羽田五丁目23番5号,簡易宿所,羽田五丁目23番5号,45 plat hostel keikyu haneda home ,,大田区羽田五丁目23番5号
大田区羽田五丁目23番７号,旅館・ホテル,羽田五丁目23番７号,46 Ｔｈｅａｔｅｌ　Ｈａｎｅｄａ ,,大田区羽田五丁目23番７号
大田区羽田空港二丁目６番５号,旅館・ホテル,羽田空港二丁目６番５号,47 ザ　ロイヤルパークホテル　東京羽田,,大田区羽田空港二丁目６番５号
大田区羽田空港二丁目７番１号,旅館・ホテル,羽田空港二丁目７番１号,48 住友不動産ホテル　ヴィラフォンテーヌ　グランド　羽田空港,,大田区羽田空港二丁目７番１号
大田区羽田空港二丁目７番１号,旅館・ホテル,羽田空港二丁目７番１号,49 住友不動産ホテル　ヴィラフォンテーヌ　プレミア　羽田空港,,大田区羽田空港二丁目７番１号
大田区羽田空港三丁目３番２号,簡易宿所,羽田空港三丁目３番２号,50 ファーストキャビン羽田ターミナル１ ,,大田区羽田空港三丁目３番２号
大田区羽田空港三丁目４番２号,旅館・ホテル,羽田空港三丁目４番２号,51 羽田エクセルホテル東急,,大田区羽田空港三丁目４番２号
大田区萩中三丁目６番９号,旅館・ホテル,萩中三丁目６番９号,52 リリーフプレミアム羽田空港,,大田区萩中三丁目６番９号
大田区東六郷二丁目14番14号,旅館・ホテル,東六郷二丁目14番14号,53 THE CANAAN HOTEL ,,大田区東六郷二丁目14番14号
大田区西六郷四丁目16番16号,簡易宿所,西六郷四丁目16番16号,54 晴友館,,大田区西六郷四丁目16番16号
大田区仲六郷四丁目13番８号,簡易宿所,仲六郷四丁目13番８号,55 太陽館,,大田区仲六郷四丁目13番８号
大田区仲六郷四丁目17番６号,簡易宿所,仲六郷四丁目17番６号,56 太陽荘新館,,大田区仲六郷四丁目17番６号
大田区仲六郷四丁目18番１号,簡易宿所,仲六郷四丁目18番１号,57 旅館おおさわ,,大田区仲六郷四丁目18番１号
大田区仲六郷四丁目18番１号,簡易宿所,仲六郷四丁目18番１号,58 ながら館,,大田区仲六郷四丁目18番１号
大田区仲六郷四丁目18番３号,簡易宿所,仲六郷四丁目18番３号,59 第一岐阜館,,大田区仲六郷四丁目18番３号
大田区東蒲田二丁目17番３号,簡易宿所,東蒲田二丁目17番３号,60 Japan Hostel 深夜特急,,大田区東蒲田二丁目17番３号
大田区東蒲田二丁目35番６号,簡易宿所,東蒲田二丁目35番６号,61 Haneda Family Hostel ,,大田区東蒲田二丁目35番６号
大田区南蒲田一丁目３番15号,旅館・ホテル,南蒲田一丁目３番15号,62 ホテルオリエンタルエクスプレス東京蒲田,,大田区南蒲田一丁目３番15号
大田区南蒲田一丁目25番13号,旅館・ホテル,南蒲田一丁目25番13号,63 リリーフプレミアム羽田,,大田区南蒲田一丁目25番13号
大田区西蒲田五丁目19番17号,旅館・ホテル,西蒲田五丁目19番17号,64 スーパーホテル東京・ＪＲ蒲田西口,,大田区西蒲田五丁目19番17号
大田区西蒲田六丁目36番16号,旅館・ホテル,西蒲田六丁目36番16号,65 ホテル　the Lip ,,大田区西蒲田六丁目36番16号
大田区西蒲田七丁目３番７号,旅館・ホテル,西蒲田七丁目３番７号,66 シティホテル　弘城,,大田区西蒲田七丁目３番７号
大田区西蒲田七丁目４番11号,旅館・ホテル,西蒲田七丁目４番11号,67 ホテルアマネク　蒲田駅前,,大田区西蒲田七丁目４番11号
大田区西蒲田七丁目４番12号,旅館・ホテル,西蒲田七丁目４番12号,68 SPA & HOTEL　和　なごみ,,大田区西蒲田七丁目４番12号
大田区西蒲田七丁目21番５号,旅館・ホテル,西蒲田七丁目21番５号,69 ホテル トムス,,大田区西蒲田七丁目21番５号
大田区西蒲田七丁目24番６号,旅館・ホテル,西蒲田七丁目24番６号,70 ロッシェル,,大田区西蒲田七丁目24番６号
大田区西蒲田七丁目24番７号,旅館・ホテル,西蒲田七丁目24番７号,71 レッドルーフ　イン蒲田／羽田　東京,,大田区西蒲田七丁目24番７号
大田区西蒲田七丁目25番10号,旅館・ホテル,西蒲田七丁目25番10号,72 アーバイン東京・羽田蒲田,,大田区西蒲田七丁目25番10号
大田区西蒲田七丁目33番５号,旅館・ホテル,西蒲田七丁目33番５号,73 ビジネスホテル新力　３号館,,大田区西蒲田七丁目33番５号
大田区西蒲田七丁目33番10号,旅館・ホテル,西蒲田七丁目33番10号,74 ホテル　パール,,大田区西蒲田七丁目33番10号
大田区西蒲田七丁目33番10号,旅館・ホテル,西蒲田七丁目33番10号,75 ホテル　ロイヤル,,大田区西蒲田七丁目33番10号
大田区西蒲田七丁目34番２号,旅館・ホテル,西蒲田七丁目34番２号,76 アパホテル〈蒲田駅西〉,,大田区西蒲田七丁目34番２号
大田区西蒲田七丁目40番４号,旅館・ホテル,西蒲田七丁目40番４号,77 ホテル　アミ,,大田区西蒲田七丁目40番４号
大田区西蒲田七丁目42番10号,旅館・ホテル,西蒲田七丁目42番10号,78 ホテル ラムセスリゾート,,大田区西蒲田七丁目42番10号
大田区西蒲田七丁目49番５号,旅館・ホテル,西蒲田七丁目49番５号,79 西鉄イン蒲田,,大田区西蒲田七丁目49番５号
大田区西蒲田八丁目７番７号,旅館・ホテル,西蒲田八丁目７番７号,80 東横イン蒲田Ⅰ ,,大田区西蒲田八丁目７番７号
大田区西蒲田八丁目11番７号,旅館・ホテル,西蒲田八丁目11番７号,81 くらしの友蒲田総合斎場,,大田区西蒲田八丁目11番７号
大田区西蒲田八丁目20番11号,旅館・ホテル,西蒲田八丁目20番11号,82 ホテルビスタ蒲田,,大田区西蒲田八丁目20番11号
大田区蒲田三丁目10番24号,旅館・ホテル,蒲田三丁目10番24号,83 HOTEL　relaxing ,,大田区蒲田三丁目10番24号
大田区蒲田三丁目15番12号,旅館・ホテル,蒲田三丁目15番12号,84 アイホテル京急蒲田,,大田区蒲田三丁目15番12号
大田区蒲田三丁目18番２号,旅館・ホテル,蒲田三丁目18番２号,85 ホテルルートイン東京蒲田,,大田区蒲田三丁目18番２号
大田区蒲田四丁目５番２号,旅館・ホテル,蒲田四丁目５番２号,86 ルミネンホテル,,大田区蒲田四丁目５番２号
大田区蒲田四丁目18番24号,旅館・ホテル,蒲田四丁目18番24号,87 アパホテル京急蒲田駅前,,大田区蒲田四丁目18番24号
大田区蒲田四丁目22番７号,旅館・ホテル,蒲田四丁目22番７号,88 ホテル　ビラ　センメイ,,大田区蒲田四丁目22番７号
大田区蒲田四丁目23番１号,旅館・ホテル,蒲田四丁目23番１号,89 東急ステイ蒲田,,大田区蒲田四丁目23番１号
大田区蒲田四丁目23番13号,旅館・ホテル,蒲田四丁目23番13号,90 チサンイン蒲田,,大田区蒲田四丁目23番13号
大田区蒲田五丁目２番８号,旅館・ホテル,蒲田五丁目２番８号,91 ホテル　オズ,,大田区蒲田五丁目２番８号
大田区蒲田五丁目２番９号,旅館・ホテル,蒲田五丁目２番９号,92 ホテル　とき,,大田区蒲田五丁目２番９号
大田区蒲田五丁目２番９号,旅館・ホテル,蒲田五丁目２番９号,93 ホテル彩　蒲田店,,大田区蒲田五丁目２番９号
大田区蒲田五丁目５番３号,旅館・ホテル,蒲田五丁目５番３号,94 ホテル　オーク,,大田区蒲田五丁目５番３号
大田区蒲田五丁目６番３号,旅館・ホテル,蒲田五丁目６番３号,95 ビジネスホテルソーシャル,,大田区蒲田五丁目６番３号
大田区蒲田五丁目６番６号,旅館・ホテル,蒲田五丁目６番６号,96 ミヤビイン蒲田,,大田区蒲田五丁目６番６号
大田区蒲田五丁目６番８号,旅館・ホテル,蒲田五丁目６番８号,97 ビジネスホテル 新力４号館,,大田区蒲田五丁目６番８号
大田区蒲田五丁目６番14号,旅館・ホテル,蒲田五丁目６番14号,98 ホテル　ラピス,,大田区蒲田五丁目６番14号
大田区蒲田五丁目６番14号,旅館・ホテル,蒲田五丁目６番14号,99 ビジネスホテル　オークイン３ ,,大田区蒲田五丁目６番14号
大田区蒲田五丁目９番13号,旅館・ホテル,蒲田五丁目９番13号,100 ビジネス イン 和,,大田区蒲田五丁目９番13号
大田区蒲田五丁目９番19号,旅館・ホテル,蒲田五丁目９番19号,101 グランパークホテル　パネックス東京,,大田区蒲田五丁目９番19号
大田区蒲田五丁目10番２号,旅館・ホテル,蒲田五丁目10番２号,102 日港福会館,,大田区蒲田五丁目10番２号
大田区蒲田五丁目12番12号,旅館・ホテル,蒲田五丁目12番12号,103 アーヴェストホテル蒲田（東口） ,,大田区蒲田五丁目12番12号
大田区蒲田五丁目18番４号,旅館・ホテル,蒲田五丁目18番４号,104 東横イン蒲田東口,,大田区蒲田五丁目18番４号
大田区蒲田五丁目19番３号,旅館・ホテル,蒲田五丁目19番３号,105 ロイヤルタヒチ,,大田区蒲田五丁目19番３号
大田区蒲田五丁目19番12号,旅館・ホテル,蒲田五丁目19番12号,106 相鉄フレッサイン 東京蒲田,,大田区蒲田五丁目19番12号
大田区蒲田五丁目20番５号,簡易宿所,蒲田五丁目20番５号,107 カプセルイン蒲田,,大田区蒲田五丁目20番５号
大田区蒲田五丁目23番１号,旅館・ホテル,蒲田五丁目23番１号,108 R&Bホテル蒲田東口,,大田区蒲田五丁目23番１号
大田区蒲田五丁目24番４号,簡易宿所,蒲田五丁目24番４号,109 ナインアワーズ蒲田,,大田区蒲田五丁目24番４号
大田区蒲田五丁目24番９号,旅館・ホテル,蒲田五丁目24番９号,110 ニューアリス,,大田区蒲田五丁目24番９号
大田区蒲田五丁目28番18号,旅館・ホテル,蒲田五丁目28番18号,111 京急EXイン蒲田,,大田区蒲田五丁目28番18号
大田区蒲田五丁目31番５号,旅館・ホテル,蒲田五丁目31番５号,112 アパホテル〈蒲田駅東〉,,大田区蒲田五丁目31番５号
大田区蒲田五丁目46番５号,旅館・ホテル,蒲田五丁目46番５号,113 ホテルマイステイズ蒲田,,大田区蒲田五丁目46番５号
大田区蒲田本町二丁目27番３号,旅館・ホテル,蒲田本町二丁目27番３号,114 さくらすてい京急蒲田,,大田区蒲田本町二丁目27番３号